[{"pos_x": 95.885, "pos_y": -112.633, "rotation": -90.0, "side": "top", "designator": "J6", "mpn": null, "pack": "PinHeader_1x04_P2.54mm_Vertical", "value": "i2c", "mount_type": "tht", "place": true}, {"pos_x": 105.8125, "pos_y": -133.588, "rotation": 0.0, "side": "top", "designator": "C1", "mpn": null, "pack": "C_0805_2012Metric_Pad1.18x1.45mm_HandSolder", "value": "0.1u", "mount_type": "smt", "place": true}, {"pos_x": 98.425, "pos_y": -133.588, "rotation": 0.0, "side": "top", "designator": "R3", "mpn": null, "pack": "R_0805_2012Metric_Pad1.20x1.40mm_HandSolder", "value": "33", "mount_type": "smt", "place": true}, {"pos_x": 136.255, "pos_y": -124.063, "rotation": 0.0, "side": "top", "designator": "R2", "mpn": null, "pack": "R_0805_2012Metric_Pad1.20x1.40mm_HandSolder", "value": "330", "mount_type": "smt", "place": true}, {"pos_x": 116.5325, "pos_y": -132.773, "rotation": 0.0, "side": "top", "designator": "C4", "mpn": null, "pack": "C_0603_1608Metric_Pad1.08x0.95mm_HandSolder", "value": "0.22u", "mount_type": "smt", "place": true}, {"pos_x": 64.135, "pos_y": -113.268, "rotation": 0.0, "side": "top", "designator": "H1", "mpn": null, "pack": "MountingHole_3.2mm_M3", "value": "MH", "mount_type": "tht", "place": true}, {"pos_x": 111.5325, "pos_y": -132.773, "rotation": 0.0, "side": "top", "designator": "C2", "mpn": null, "pack": "C_0603_1608Metric_Pad1.08x0.95mm_HandSolder", "value": "0.22u", "mount_type": "smt", "place": true}, {"pos_x": 129.7725, "pos_y": -132.453, "rotation": 0.0, "side": "top", "designator": "C5", "mpn": null, "pack": "C_0805_2012Metric_Pad1.18x1.45mm_HandSolder", "value": "0.1u", "mount_type": "smt", "place": true}, {"pos_x": 136.525, "pos_y": -121.015, "rotation": 180.0, "side": "top", "designator": "R1", "mpn": null, "pack": "R_0805_2012Metric_Pad1.20x1.40mm_HandSolder", "value": "2k", "mount_type": "smt", "place": true}, {"pos_x": 71.84, "pos_y": -127.023, "rotation": 90.0, "side": "top", "designator": "U1", "mpn": null, "pack": "DIP-28_W7.62mm", "value": "ATmega328P-PU", "mount_type": "tht", "place": true}, {"pos_x": 136.525, "pos_y": -113.268, "rotation": 0.0, "side": "top", "designator": "H2", "mpn": null, "pack": "MountingHole_3.2mm_M3", "value": "MH", "mount_type": "tht", "place": true}, {"pos_x": 136.525, "pos_y": -127.238, "rotation": 180.0, "side": "top", "designator": "C10", "mpn": null, "pack": "C_0805_2012Metric_Pad1.18x1.45mm_HandSolder", "value": "0.1u", "mount_type": "smt", "place": true}, {"pos_x": 76.2, "pos_y": -131.048, "rotation": -90.0, "side": "top", "designator": "R9", "mpn": null, "pack": "R_0805_2012Metric_Pad1.20x1.40mm_HandSolder", "value": "10k", "mount_type": "smt", "place": true}, {"pos_x": 125.73, "pos_y": -113.903, "rotation": 90.0, "side": "top", "designator": "D1", "mpn": null, "pack": "LED_D3.0mm_Clear", "value": "LED", "mount_type": "tht", "place": true}, {"pos_x": 126.145, "pos_y": -116.773, "rotation": 0.0, "side": "top", "designator": "SW1", "mpn": null, "pack": "SW_PUSH_6mm", "value": "FREQ", "mount_type": "tht", "place": true}, {"pos_x": 79.5375, "pos_y": -116.443, "rotation": 180.0, "side": "top", "designator": "C3", "mpn": null, "pack": "C_0805_2012Metric_Pad1.18x1.45mm_HandSolder", "value": "0.1u", "mount_type": "smt", "place": true}, {"pos_x": 64.135, "pos_y": -132.318, "rotation": 0.0, "side": "top", "designator": "H4", "mpn": null, "pack": "MountingHole_3.2mm_M3", "value": "MH", "mount_type": "tht", "place": true}, {"pos_x": 71.755, "pos_y": -131.048, "rotation": -90.0, "side": "top", "designator": "C12", "mpn": null, "pack": "C_0805_2012Metric_Pad1.18x1.45mm_HandSolder", "value": "0.1u", "mount_type": "smt", "place": true}, {"pos_x": 108.585, "pos_y": -120.813, "rotation": 0.0, "side": "top", "designator": "SW5", "mpn": null, "pack": "RotaryEncoder_Alps_EC11E-Switch_Vertical_H20mm_CircularMountingHoles", "value": "RE_Sw", "mount_type": "tht", "place": true}, {"pos_x": 64.77, "pos_y": -125.968, "rotation": 0.0, "side": "top", "designator": "C8", "mpn": null, "pack": "CP_Radial_D5.0mm_P2.50mm", "value": "47u", "mount_type": "tht", "place": true}, {"pos_x": 136.255, "pos_y": -117.967, "rotation": 0.0, "side": "top", "designator": "R10", "mpn": null, "pack": "R_0805_2012Metric_Pad1.20x1.40mm_HandSolder", "value": "4.7k", "mount_type": "smt", "place": true}, {"pos_x": 125.095, "pos_y": -132.523, "rotation": 0.0, "side": "top", "designator": "R8", "mpn": null, "pack": "R_0805_2012Metric_Pad1.20x1.40mm_HandSolder", "value": "10k", "mount_type": "smt", "place": true}, {"pos_x": 69.7625, "pos_y": -116.443, "rotation": 0.0, "side": "top", "designator": "D2", "mpn": null, "pack": "D_SOD-123F", "value": "GS1000FL", "mount_type": "smt", "place": true}, {"pos_x": 126.145, "pos_y": -124.273, "rotation": 0.0, "side": "top", "designator": "SW2", "mpn": null, "pack": "SW_PUSH_6mm", "value": "VOL", "mount_type": "tht", "place": true}, {"pos_x": 64.77, "pos_y": -120.888, "rotation": 90.0, "side": "top", "designator": "J1", "mpn": null, "pack": "PinHeader_1x02_P2.54mm_Vertical", "value": "VIN", "mount_type": "tht", "place": true}, {"pos_x": 130.81, "pos_y": -113.903, "rotation": 90.0, "side": "top", "designator": "D3", "mpn": null, "pack": "LED_D3.0mm_Clear", "value": "LED", "mount_type": "tht", "place": true}, {"pos_x": 84.2125, "pos_y": -116.443, "rotation": 0.0, "side": "top", "designator": "C18", "mpn": null, "pack": "C_0805_2012Metric_Pad1.18x1.45mm_HandSolder", "value": "0.1u", "mount_type": "smt", "place": true}, {"pos_x": 136.525, "pos_y": -132.318, "rotation": 0.0, "side": "top", "designator": "H3", "mpn": null, "pack": "MountingHole_3.2mm_M3", "value": "MH", "mount_type": "tht", "place": true}, {"pos_x": 120.92, "pos_y": -132.523, "rotation": 0.0, "side": "top", "designator": "R5", "mpn": null, "pack": "R_0805_2012Metric_Pad1.20x1.40mm_HandSolder", "value": "4.7k", "mount_type": "smt", "place": true}, {"pos_x": 105.0, "pos_y": -116.0375, "rotation": -90.0, "side": "top", "designator": "C20", "mpn": null, "pack": "C_0805_2012Metric_Pad1.18x1.45mm_HandSolder", "value": "0.1u", "mount_type": "smt", "place": true}, {"pos_x": 95.631, "pos_y": -116.443, "rotation": 0.0, "side": "top", "designator": "R6", "mpn": null, "pack": "R_0805_2012Metric_Pad1.20x1.40mm_HandSolder", "value": "10k", "mount_type": "smt", "place": true}, {"pos_x": 90.25, "pos_y": -116.443, "rotation": 0.0, "side": "top", "designator": "R4", "mpn": null, "pack": "R_0805_2012Metric_Pad1.20x1.40mm_HandSolder", "value": "10k", "mount_type": "smt", "place": true}, {"pos_x": 116.275, "pos_y": -123.5, "rotation": 180.0, "side": "bottom", "designator": "SW3", "mpn": null, "pack": "SW_Push_1P1T_NO_6x6mm_H9.5mm", "value": "RESET", "mount_type": "smt", "place": true}, {"pos_x": 82.285, "pos_y": -130.413, "rotation": -90.0, "side": "bottom", "designator": "J7", "mpn": null, "pack": "PinHeader_1x11_P2.54mm_Vertical", "value": "PANEL/MAIN", "mount_type": "tht", "place": true}, {"pos_x": 92.2595, "pos_y": -123.023, "rotation": 180.0, "side": "bottom", "designator": "Y1", "mpn": null, "pack": "Crystal_HC49-U-3Pin_Vertical", "value": "16MHz", "mount_type": "tht", "place": true}, {"pos_x": 102.25, "pos_y": -114.5, "rotation": 180.0, "side": "bottom", "designator": "C6", "mpn": null, "pack": "CP_Radial_D5.0mm_P2.50mm", "value": "100u", "mount_type": "tht", "place": true}, {"pos_x": 97.7575, "pos_y": -123.023, "rotation": 180.0, "side": "bottom", "designator": "C7", "mpn": null, "pack": "C_0603_1608Metric_Pad1.08x0.95mm_HandSolder", "value": "20p", "mount_type": "smt", "place": true}, {"pos_x": 121.539, "pos_y": -112.633, "rotation": 90.0, "side": "bottom", "designator": "J5", "mpn": null, "pack": "PinHeader_1x07_P2.54mm_Vertical", "value": "Si5351a", "mount_type": "tht", "place": true}, {"pos_x": 82.931, "pos_y": -112.633, "rotation": 90.0, "side": "bottom", "designator": "P1", "mpn": null, "pack": "PinHeader_1x06_P2.54mm_Vertical", "value": "COM", "mount_type": "tht", "place": true}, {"pos_x": 81.62, "pos_y": -123.023, "rotation": 0.0, "side": "bottom", "designator": "C11", "mpn": null, "pack": "C_0603_1608Metric_Pad1.08x0.95mm_HandSolder", "value": "20p", "mount_type": "smt", "place": true}]