[{"pos_x": 97.25, "pos_y": -96.865, "rotation": 0.0, "side": "top", "designator": "H6", "mpn": null, "pack": "MountingHole_8.4mm_M8", "value": "PW-SW", "mount_type": "tht", "place": true}, {"pos_x": 83.5, "pos_y": -111.615, "rotation": 0.0, "side": "top", "designator": "H10", "mpn": null, "pack": "MountingHole_3.2mm_M3", "value": "PWSWHole", "mount_type": "tht", "place": true}, {"pos_x": 66.5, "pos_y": -92.865, "rotation": 0.0, "side": "top", "designator": "H1", "mpn": null, "pack": "MountingHole_3.2mm_M3", "value": "MountingHole", "mount_type": "tht", "place": true}, {"pos_x": 148.5, "pos_y": -92.865, "rotation": 0.0, "side": "top", "designator": "H2", "mpn": null, "pack": "MountingHole_3.2mm_M3", "value": "MountingHole", "mount_type": "tht", "place": true}, {"pos_x": 148.5, "pos_y": -121.865, "rotation": 0.0, "side": "top", "designator": "H3", "mpn": null, "pack": "MountingHole_3.2mm_M3", "value": "MountingHole", "mount_type": "tht", "place": true}, {"pos_x": 98.0, "pos_y": -114.115, "rotation": 0.0, "side": "top", "designator": "H5", "mpn": null, "pack": "MountingHole_3.2mm_M3", "value": "Audio", "mount_type": "tht", "place": true}, {"pos_x": 134.75, "pos_y": -117.615, "rotation": 0.0, "side": "top", "designator": "H9", "mpn": null, "pack": "MountingHole_3.2mm_M3", "value": "SMAHole", "mount_type": "tht", "place": true}, {"pos_x": 66.5, "pos_y": -121.865, "rotation": 0.0, "side": "top", "designator": "H4", "mpn": null, "pack": "MountingHole_3.2mm_M3", "value": "MountingHole", "mount_type": "tht", "place": true}, {"pos_x": 122.75, "pos_y": -96.865, "rotation": 180.0, "side": "bottom", "designator": "TP2", "mpn": null, "pack": "TestPoint_Pad_4.0x4.0mm", "value": "TestPoint", "mount_type": "tht", "place": true}, {"pos_x": 108.5, "pos_y": -96.865, "rotation": 180.0, "side": "bottom", "designator": "TP1", "mpn": null, "pack": "TestPoint_Pad_4.0x4.0mm", "value": "TestPoint", "mount_type": "tht", "place": true}]