[{"pos_x": 97.25, "pos_y": -137.463, "rotation": 0.0, "side": "top", "designator": "H6", "mpn": null, "pack": "MountingHole_8.4mm_M8", "value": "PW-SW", "mount_type": "tht", "place": true}, {"pos_x": 135.89, "pos_y": -127.635, "rotation": 0.0, "side": "top", "designator": "REF**", "mpn": null, "pack": "StampHole254_6_2", "value": "StampHole254_6_2", "mount_type": "tht", "place": true}, {"pos_x": 66.5, "pos_y": -133.463, "rotation": 0.0, "side": "top", "designator": "H1", "mpn": null, "pack": "MountingHole_3.2mm_M3", "value": "MountingHole", "mount_type": "tht", "place": true}, {"pos_x": 136.75, "pos_y": -104.615, "rotation": 0.0, "side": "top", "designator": "SW1", "mpn": null, "pack": "MountingHole_4.3mm_M4", "value": "SW1Hole", "mount_type": "tht", "place": false}, {"pos_x": 138.0, "pos_y": -98.115, "rotation": 0.0, "side": "top", "designator": "POW", "mpn": null, "pack": "MountingHole_3.2mm_M3", "value": "LEDHole", "mount_type": "tht", "place": true}, {"pos_x": 136.75, "pos_y": -112.115, "rotation": 0.0, "side": "top", "designator": "SW2", "mpn": null, "pack": "MountingHole_4.3mm_M4", "value": "SW1Hole", "mount_type": "tht", "place": false}, {"pos_x": 74.422, "pos_y": -127.635, "rotation": 0.0, "side": "top", "designator": "REF**", "mpn": null, "pack": "StampHole254_6_2", "value": "StampHole254_6_2", "mount_type": "tht", "place": true}, {"pos_x": 148.5, "pos_y": -162.463, "rotation": 0.0, "side": "top", "designator": "H3", "mpn": null, "pack": "MountingHole_3.2mm_M3", "value": "MountingHole", "mount_type": "tht", "place": true}, {"pos_x": 66.5, "pos_y": -162.463, "rotation": 0.0, "side": "top", "designator": "H4", "mpn": null, "pack": "MountingHole_3.2mm_M3", "value": "MountingHole", "mount_type": "tht", "place": true}, {"pos_x": 132.75, "pos_y": -98.115, "rotation": 0.0, "side": "top", "designator": "SIG", "mpn": null, "pack": "MountingHole_3.2mm_M3", "value": "LEDHole", "mount_type": "tht", "place": true}, {"pos_x": 134.62, "pos_y": -157.438, "rotation": 0.0, "side": "top", "designator": "H9", "mpn": null, "pack": "MountingHole_3.2mm_M3", "value": "SMAHole", "mount_type": "tht", "place": true}, {"pos_x": 83.5, "pos_y": -152.213, "rotation": 0.0, "side": "top", "designator": "H10", "mpn": null, "pack": "MountingHole_3.2mm_M3", "value": "PWSWHole", "mount_type": "tht", "place": true}, {"pos_x": 148.5, "pos_y": -133.463, "rotation": 0.0, "side": "top", "designator": "H2", "mpn": null, "pack": "MountingHole_3.2mm_M3", "value": "MountingHole", "mount_type": "tht", "place": true}, {"pos_x": 98.0, "pos_y": -154.713, "rotation": 0.0, "side": "top", "designator": "H5", "mpn": null, "pack": "MountingHole_3.2mm_M3", "value": "Audio", "mount_type": "tht", "place": true}, {"pos_x": 71.5, "pos_y": -116.615, "rotation": 180.0, "side": "bottom", "designator": "H8", "mpn": null, "pack": "MountingHole_3.2mm_M3", "value": "PCBMountingHole", "mount_type": "tht", "place": true}, {"pos_x": 122.75, "pos_y": -137.463, "rotation": 180.0, "side": "bottom", "designator": "TP2", "mpn": null, "pack": "TestPoint_Pad_4.0x4.0mm", "value": "TestPoint", "mount_type": "tht", "place": true}, {"pos_x": 66.5, "pos_y": -93.115, "rotation": 180.0, "side": "bottom", "designator": "H1", "mpn": null, "pack": "MountingHole_3.2mm_M3", "value": "MountingHole", "mount_type": "tht", "place": true}, {"pos_x": 122.75, "pos_y": -107.365, "rotation": 180.0, "side": "bottom", "designator": "H13", "mpn": null, "pack": "MountingHole_8.4mm_M8", "value": "REHole", "mount_type": "tht", "place": true}, {"pos_x": 143.5, "pos_y": -116.865, "rotation": 180.0, "side": "bottom", "designator": "H7", "mpn": null, "pack": "MountingHole_3.2mm_M3", "value": "PCBMountingHole", "mount_type": "tht", "place": true}, {"pos_x": 71.5, "pos_y": -98.115, "rotation": 180.0, "side": "bottom", "designator": "H5", "mpn": null, "pack": "MountingHole_3.2mm_M3", "value": "PCBMountingHole", "mount_type": "tht", "place": true}, {"pos_x": 148.5, "pos_y": -93.115, "rotation": 180.0, "side": "bottom", "designator": "H2", "mpn": null, "pack": "MountingHole_3.2mm_M3", "value": "MountingHole", "mount_type": "tht", "place": true}, {"pos_x": 148.5, "pos_y": -121.615, "rotation": 180.0, "side": "bottom", "designator": "H3", "mpn": null, "pack": "MountingHole_3.2mm_M3", "value": "MountingHole", "mount_type": "tht", "place": true}, {"pos_x": 108.5, "pos_y": -137.463, "rotation": 180.0, "side": "bottom", "designator": "TP1", "mpn": null, "pack": "TestPoint_Pad_4.0x4.0mm", "value": "TestPoint", "mount_type": "tht", "place": true}, {"pos_x": 66.5, "pos_y": -121.615, "rotation": 180.0, "side": "bottom", "designator": "H4", "mpn": null, "pack": "MountingHole_3.2mm_M3", "value": "MountingHole", "mount_type": "tht", "place": true}, {"pos_x": 143.5, "pos_y": -98.115, "rotation": 180.0, "side": "bottom", "designator": "H6", "mpn": null, "pack": "MountingHole_3.2mm_M3", "value": "PCBMountingHole", "mount_type": "tht", "place": true}]